NameApplication,Severity,Category,Description
com.gamebrain.cartoon,Critical,Command,Runtime Command Checking
com.gamebrain.cartoon,Critical,"#BID 64208, CVE-2013-6271#",Fragment Vulnerability Checking
com.gamebrain.cartoon,Critical,Hacker,Base64 String Encryption
com.gamebrain.cartoon,Critical,,App Sandbox Permission Checking
com.gamebrain.cartoon,Critical,Implicit_Intent,Implicit Service Checking
com.gamebrain.cartoon,Critical,SSL_Security,SSL Connection Checking
com.gamebrain.cartoon,Critical,Strandhogg,Standhogg 2.0
com.gamebrain.cartoon,Critical,WebView,Remote Code Execution
com.gamebrain.cartoon,Warning,,Dynamic Code Loading
com.gamebrain.cartoon,Warning,,External Storage Accessing
com.gamebrain.cartoon,Warning,,AndroidManifest Exported Components Checking
com.gamebrain.cartoon,Warning,Sensitive_Information,Getting IMEI and Device ID
com.gamebrain.cartoon,Warning,Sensitive_Information,Getting ANDROID_ID
com.gamebrain.cartoon,Warning,WebView,WebView Local File Access Attacks Checking
com.gamebrain.cartoon,Warning,WebView,WebView Potential XSS Attacks Checking
